contig_id	contig_length	viral_length	aai_expected_length	aai_completeness	aai_confidence	aai_error	aai_num_hits	aai_top_hit	aai_id	aai_af	hmm_completeness_lower	hmm_completeness_upper	hmm_num_hits	kmer_freq
contig_10002	15992	NA	127344.17731785866	12.55809282907613	low	17.1488075584792	121	CheckV-041977	62.8	8.92	8.895634724982461	20.52753716417183	12	1.0
contig_10003	76492	NA	62134.842622439974	100.0	low	34.0128276133136	961	CheckV-041977	51.5	4.27	44.27003765498893	73.62766385108328	32	1.0
contig_10172	17188	NA	63966.0	26.870524966388395	low	27.4427620025844	1	CheckV-000991	37.0	6.68	NA	NA	0	1.01
contig_10175	18656	NA	299385.774894458	6.231424992245129	low	28.6374455909989	22	CheckV-000685	31.7	2.45	28.8	56.78	1	1.0
contig_10454	4457	NA	165784.31631033748	2.688432838035647	low	16.7746825248758	112	CheckV-022574	37.1	23.71	NA	NA	0	1.0
contig_1047	5721	NA	NA	NA	NA	NA	0	NA	NA	NA	NA	NA	0	1.16
contig_10741	13756	NA	52288.73790310485	26.307768272186934	low	29.1891156069426	14	CheckV-002784	29.2	7.63	24.637827208252737	52.495467440361054	3	1.01
contig_1093	20425	NA	58736.0	34.77424407518387	medium	7.04923548312426	2	CheckV-000253	67.3	16.8	NA	NA	0	1.0
contig_11015	16257	NA	NA	NA	NA	NA	0	NA	NA	NA	NA	NA	0	1.25
contig_11282	41963	NA	88860.76245380008	47.22331751521616	low	34.0128276133136	167	CheckV-020791	51.6	4.24	NA	NA	0	1.01
contig_11435	13446	NA	42663.852963900936	31.51614086842328	low	32.8609121902687	14	CheckV-006905	26.3	10.49	24.081579626047706	51.312946486137974	3	1.02
contig_11461	22307	NA	68978.34939004437	32.339132781886434	low	27.441312952095	991	CheckV-004541	22.9	12.45	23.287358470204644	54.12801302812409	6	1.01
contig_11516	47900	NA	60582.09146044611	79.06626999048686	high	2.32417655550891	22	CheckV-040359	57.6	19.84	45.6086972829732	75.52941549488351	11	1.0
contig_11591	29275	NA	NA	NA	NA	NA	0	NA	NA	NA	NA	NA	0	1.0
contig_11714	18016	NA	55561.930988229666	32.42507896965737	low	28.6374455909989	36	CheckV-012470	31.0	7.38	NA	NA	0	1.0
contig_11874	32565	NA	1163706.8245276501	2.798385238757895	low	17.6215217642305	13	CheckV-054001	44.7	10.51	12.23	26.229999999999997	1	1.11
contig_12109	33598	NA	42952.71757446133	78.22089473560243	low	21.1704738531244	64	CheckV-031127	22.6	16.69	53.16879970553132	84.0127153581029	3	1.0
contig_12128	3002	NA	NA	NA	NA	NA	0	NA	NA	NA	NA	NA	0	5.03
contig_12134	11674	NA	6585.976595420958	100.0	low	25.5595308871383	22	CheckV-003940	29.4	17.45	36.164533132530124	100.0	2	1.0
contig_12196	11401	NA	5973.894822143976	100.0	low	17.7188662440404	43	CheckV-010083	30.9	27.08	36.04753012048193	100.0	2	1.0
contig_12270	9455	NA	102247.39256349878	9.247179573922292	low	26.9204150716114	74	CheckV-048645	42.0	9.5	NA	NA	0	1.0
contig_12284	40279	NA	163833.82119732638	24.58527775622517	low	28.6097154000585	35	CheckV-052281	26.0	9.93	NA	NA	0	1.0
contig_12308	11083	NA	52650.17208956671	21.050263579663085	low	18.6356392398109	91	CheckV-018615	37.7	14.22	17.65583406450707	60.664667462183694	3	1.0
contig_12398	33217	NA	53633.50728505817	61.93329819631984	low	25.0168993387215	73	CheckV-031189	44.2	2.24	23.026363636363637	93.02101515151516	2	1.0
contig_12491	9638	NA	47393.85486194565	20.33596977514214	low	23.5973739108457	28	CheckV-014881	43.3	12.07	15.283782898737837	26.490500067780342	8	1.0
contig_1263	12568	NA	NA	NA	NA	NA	0	NA	NA	NA	NA	NA	0	1.0
contig_12646	16591	NA	108121.7981225712	15.344731856190348	low	21.1704738531244	550	CheckV-041653	27.5	15.64	7.667529483599698	31.058578746499382	5	1.0
contig_12882	14407	NA	107865.08370353373	13.356500088200477	low	12.3818071879646	770	CheckV-049019	46.2	21.96	NA	NA	0	1.0
contig_13305	23875	19272	77095.51343947808	24.997563593799796	low	26.8672114679771	405	CheckV-015960	40.5	7.37	18.845671939150005	41.85857901062294	3	1.0
contig_13360	7871	NA	NA	NA	NA	NA	0	NA	NA	NA	NA	NA	0	1.0
contig_13388	7246	NA	67874.32508560573	10.675612598520964	low	26.9656238848579	32	CheckV-008285	38.7	7.73	NA	NA	0	1.03
contig_13402	72415	NA	97605.79806808443	74.1912892812856	low	21.8799554709198	115	CheckV-021503	37.8	7.98	NA	NA	0	1.04
contig_13816	23477	NA	24352.0	96.40686596583443	low	14.353007412968	1	CheckV-009367	32.8	14.04	100.0	100.0	1	1.35
contig_1389	9887	NA	56786.0	17.410981579966894	low	25.1029277801869	1	CheckV-000693	46.0	4.14	NA	NA	0	1.0
contig_14331	47699	NA	45013.53110873645	100.0	low	33.4305729197674	132	CheckV-019959	32.2	3.72	62.063152454780365	100.00000000000001	2	1.0
contig_14495	8793	NA	7504.590470957749	100.0	low	15.7472323702244	18	CheckV-009582	40.6	20.86	81.98	100.0	1	1.0
contig_14695	39691	NA	246299.06242212796	16.11496187182972	low	17.7366586216144	24	CheckV-059122	34.8	10.48	33.567460743060984	75.60519246622053	5	1.0
contig_14713	65506	NA	281231.0	23.292595766469557	low	33.4305729197674	1	CheckV-018254	28.9	3.25	NA	NA	0	1.04
contig_14801	6271	NA	NA	NA	NA	NA	0	NA	NA	NA	NA	NA	0	1.05
contig_15719	20432	NA	NA	NA	NA	NA	0	NA	NA	NA	NA	NA	0	1.02
contig_1585	4444	NA	76213.51267368595	5.830986978683596	low	11.6380162023316	306	CheckV-010775	43.7	28.35	NA	NA	0	1.0
contig_15961	9900	NA	52963.585586425506	18.692087951343982	low	25.1029277801869	4	CheckV-016553	45.6	4.73	11.806000812533327	33.206454307696205	3	1.0
contig_16025	8540	NA	147843.3819715435	5.776383011614112	low	23.5973739108457	7	CheckV-002885	42.7	10.57	NA	NA	0	1.0
contig_16118	8792	NA	181756.0702968353	4.837252470105305	low	37.7921073948101	126	CheckV-042948	83.7	19.09	3.7381832509577615	6.619459514356335	8	1.0
contig_16144	92864	NA	143162.37822549863	64.8662037827617	low	34.9257320695997	121	CheckV-000360	34.8	3.09	37.228265766139074	69.16139678658595	5	1.0
contig_16607	44691	NA	50078.46370808678	89.2419549060232	low	33.4305729197674	50	CheckV-018137	30.5	3.42	50.0901378977679	100.00000000000001	3	1.0
contig_16679	689963	NA	341246.3721442915	100.0	low	33.4305729197674	134	CheckV-037794	30.8	0.42	55.49	100.0	1	1.25
contig_16712	5411	NA	68501.44093530127	7.8991039109828645	low	29.1005291005291	9	CheckV-032971	23.5	26.23	NA	NA	0	1.01
contig_16944	8597	NA	157166.23795278286	5.47000431643772	low	17.48999801379	1461	CheckV-061360	52.9	10.26	3.7823729479102237	7.251422054800856	7	1.0
contig_16968	271656	NA	NA	NA	NA	NA	0	NA	NA	NA	NA	NA	0	1.19
contig_17008	14146	NA	6424.698982838384	100.0	low	20.6566983698812	40	CheckV-008246	33.9	14.68	100.0	100.0	1	1.01
contig_17071	8362	NA	127971.17743315689	6.534283865886691	low	16.4293487069065	41	CheckV-016641	26.7	30.77	NA	NA	0	1.0
contig_17311	11545	NA	123467.58446734228	9.350632435069388	low	17.48999801379	93	CheckV-018191	52.7	12.12	10.27	38.67	1	1.0
contig_1748	30513	NA	38432.65525603955	79.39342154925659	low	26.8672114679771	5	CheckV-012217	42.1	2.14	47.553338090802846	85.4544446687701	4	1.01
contig_17686	55086	NA	94221.8645509172	58.46413702653029	low	35.9439843853632	217	CheckV-008629	41.6	4.53	30.86	100.0	1	1.03
contig_17713	69849	NA	103335.63991055789	67.5942976309604	low	33.4305729197674	7	CheckV-001615	30.8	4.28	NA	NA	0	1.03
contig_17887	27712	NA	736232.123702921	3.7640302708636146	medium	7.17609750786514	174	CheckV-059168	56.6	18.64	2.22	13.929999999999998	1	1.08
contig_17959	28363	NA	NA	NA	NA	NA	0	NA	NA	NA	NA	NA	0	1.17
contig_18178	45271	NA	NA	NA	NA	NA	0	NA	NA	NA	NA	NA	0	1.04
contig_18257	157955	NA	315830.0957350529	50.012649881380234	low	32.8837114381832	6	CheckV-001180	27.3	0.67	NA	NA	0	1.11
contig_18432	34812	NA	55424.76659528908	62.80946612585086	low	25.0168993387215	4	CheckV-002931	47.4	5.5	12.707526952311591	31.058977504692937	3	1.0
contig_18752	14131	NA	46980.16991728515	30.07864812936928	low	26.9204150716114	9	CheckV-009263	39.8	7.77	20.629026763990264	45.675620437956205	2	1.02
contig_19059	22878	NA	47679.036672736904	47.98335200652606	low	14.2746572313136	51	CheckV-012241	59.6	8.88	24.180905646019912	80.98113305307552	4	1.02
contig_19092	61324	NA	80683.07708987259	76.00602531766533	low	34.5701557787554	118	CheckV-031131	47.2	3.42	NA	NA	0	1.02
contig_19241	37751	NA	81847.56859197254	46.12354484003884	low	33.3907312294036	34	CheckV-041977	74.1	8.82	23.814130810564098	60.07322783898595	16	1.0
contig_19242	7571	NA	85736.51017235372	8.830543702770534	medium	8.27926800380119	3	CheckV-041977	49.7	26.67	9.009978284473396	22.465396308360475	2	1.0
contig_19262	21489	NA	NA	NA	NA	NA	0	NA	NA	NA	13.84	56.40999999999999	1	1.11
contig_19407	14093	NA	NA	NA	NA	NA	0	NA	NA	NA	NA	NA	0	1.0
contig_19408	40764	NA	39592.08809075735	100.0	low	28.6097154000585	15	CheckV-058090	26.3	9.47	54.24390820392248	91.86306089271545	11	1.0
contig_19543	17176	NA	37759.596168017684	45.487774613829274	low	27.4427620025844	10	CheckV-041359	33.3	3.36	NA	NA	0	1.01
contig_19700	20557	NA	6508.396454061402	100.0	low	12.0387100725814	122	CheckV-006001	33.1	19.56	39.956807228915665	100.0	2	1.04
contig_19821	29055	NA	52109.20858862829	55.75789920236983	low	31.6107195198548	5	CheckV-017249	25.4	5.21	29.404142233312538	89.0716593886463	3	1.01
contig_19968	9009	NA	72136.1282754418	12.488887628679464	low	17.7188662440404	2	CheckV-000253	31.9	23.88	NA	NA	0	1.0
contig_1999	18743	NA	75272.6890308183	24.900133423327286	low	27.441312952095	18	CheckV-032684	24.6	11.65	20.196951460124666	60.859717299019906	4	1.15
contig_19998	6594	NA	NA	NA	NA	NA	0	NA	NA	NA	NA	NA	0	1.05
contig_2011	20690	NA	41844.10531045561	49.4454352566362	low	17.6215217642305	44	CheckV-043490	44.6	9.68	31.454229635919045	58.804303018582935	4	1.0
contig_2012	109821	NA	117276.25708587974	93.64299537593499	low	34.0128276133136	204	CheckV-001965	47.7	3.01	93.52532671680112	99.99999999999999	16	1.04
contig_20836	18987	NA	48169.06624651021	39.41741345541566	low	22.2765314016457	42	CheckV-040958	27.0	17.56	19.324058744993327	54.60392523364486	2	1.0
contig_20994	10148	NA	8661.695325569952	100.0	low	32.8609121902687	11	CheckV-005978	26.6	10.53	94.61	100.0	1	1.0
contig_21079	49110	NA	NA	NA	NA	NA	0	NA	NA	NA	NA	NA	0	1.34
contig_21105	11158	NA	7731.951525590552	100.0	low	22.555739773824	3	CheckV-006095	27.6	21.8	100.0	100.0	1	1.0
contig_21139	12388	NA	80353.0	15.416972608365587	low	28.292853557284	1	CheckV-000450	25.4	21.87	NA	NA	0	1.04
contig_21280	66944	NA	88418.79978201856	75.71240524078476	low	32.8837114381832	244	CheckV-044786	23.9	3.78	63.96911196552278	100.0	4	1.03
contig_21464	50872	NA	85385.29861865591	59.57934307544242	low	32.8837114381832	13	CheckV-061408	26.6	3.77	87.34381488425045	95.80629189723295	4	1.0
contig_21524	8470	NA	6217.688457389429	100.0	low	29.1891156069426	5	CheckV-010112	32.0	10.66	78.97	100.0	1	1.0
contig_21604	58966	NA	NA	NA	NA	NA	0	NA	NA	NA	NA	NA	0	1.02
contig_21711	16412	NA	30269.092426368945	54.220324048112765	low	10.7714140835319	8	CheckV-013026	88.6	14.53	28.41457937696773	47.90782016896785	10	1.0
contig_21829	40842	NA	60662.57367537122	67.32652033288475	low	34.9257320695997	817	CheckV-032913	36.6	5.08	NA	NA	0	1.0
contig_21916	11905	NA	35740.121907290304	33.30990316955692	low	31.599535415135	623	CheckV-058140	96.9	8.37	24.549427673037165	35.11740377656892	9	1.0
contig_22015	2834	NA	NA	NA	NA	NA	0	NA	NA	NA	NA	NA	0	1.0
contig_22041	18022	NA	160470.40811115745	11.230731081282105	low	22.3998188181985	146	CheckV-048945	53.4	5.92	8.73253094757466	13.573629968929621	13	1.0
contig_22098	17690	NA	NA	NA	NA	NA	0	NA	NA	NA	NA	NA	0	4.03
contig_2215	6221	NA	7939.716682681647	78.35292175562681	low	16.354663036079	28	CheckV-006118	38.1	19.58	58.0	100.0	1	1.07
contig_22261	40153	NA	270700.08651251614	14.833020749013864	low	17.7366586216144	2	CheckV-019952	36.6	11.97	NA	NA	0	1.02
contig_22335	13265	NA	57435.32535306173	23.095542540167532	low	29.1891156069426	158	CheckV-029957	31.0	9.77	9.13	34.7	1	1.0
contig_22351	29518	NA	86731.71733616396	34.03368560729752	low	14.2746572313136	313	CheckV-057480	59.3	7.91	27.45527605055646	90.02195073282039	6	1.0
contig_22365	3974	NA	110474.67042018067	3.5972046668120767	low	12.2245323052055	13	CheckV-059738	24.7	53.54	NA	NA	0	1.0
contig_22368	23073	NA	6932.349225268175	100.0	low	28.6374455909989	2	CheckV-008329	30.8	3.65	100.0	100.0	1	1.24
contig_22443	12998	NA	27661.0	46.99034742055602	low	11.4453806865935	1	CheckV-019952	34.6	37.03	NA	NA	0	1.01
contig_22467	78302	NA	102272.41965296165	76.56218584218517	low	35.9439843853632	875	CheckV-004955	37.7	5.09	96.94178428761651	100.0	2	1.0
contig_22475	58666	NA	58993.209045947675	99.44534455534904	low	33.4305729197674	2	CheckV-016041	30.5	5.26	56.402979012739706	100.0	5	1.02
contig_22583	6640	NA	99724.47486906301	6.658345414922703	medium	9.11498034181176	6	CheckV-000253	27.6	68.16	NA	NA	0	1.0
contig_22754	55611	NA	186898.34934931083	29.75467691052942	low	17.7366586216144	253	CheckV-056356	35.4	7.92	24.33283118595059	39.116484404761756	31	1.0
contig_22772	11346	NA	136590.84579315124	8.306559589785406	low	20.3878139483986	34	CheckV-056656	49.0	8.82	4.981425072350062	11.110639285831384	8	1.01
contig_22904	11706	NA	161581.60496597207	7.244636542919102	low	26.9204150716114	28	CheckV-060049	39.6	11.65	5.11	12.58	1	1.0
contig_22941	10215	NA	157344.01656196322	6.49214391700574	low	22.555739773824	59	CheckV-059003	32.4	21.65	NA	NA	0	1.0
contig_22942	22816	NA	41920.35056007741	54.427025764733656	low	31.6107195198548	62	CheckV-031432	24.0	6.87	43.077808433386956	77.98517204711091	5	1.0
contig_23137	21738	NA	NA	NA	NA	NA	0	NA	NA	NA	NA	NA	0	1.2
contig_23139	22588	NA	NA	NA	NA	NA	0	NA	NA	NA	NA	NA	0	1.31
contig_23146	23164	NA	117213.22205909823	19.762275614538474	low	14.2746572313136	489	CheckV-007573	58.2	11.76	NA	NA	0	1.0
contig_23185	124026	NA	58602.85418848795	100.0	low	34.5701557787554	206	CheckV-007448	45.4	2.0	47.731428571428566	100.0	2	1.0
contig_2328	136028	NA	75137.57742010067	100.0	low	35.9439843853632	740	CheckV-021518	42.5	1.38	NA	NA	0	1.03
contig_23292	13850	NA	NA	NA	NA	NA	0	NA	NA	NA	NA	NA	0	1.07
contig_23303	2601	NA	NA	NA	NA	NA	0	NA	NA	NA	NA	NA	0	1.0
contig_23341	13541	NA	27660.999999999996	48.953400093995164	low	22.555739773824	1	CheckV-019952	29.9	18.68	NA	NA	0	1.09
contig_23407	32274	NA	NA	NA	NA	NA	0	NA	NA	NA	NA	NA	0	5.09
contig_23471	19714	NA	32968.10847794179	59.797182520162444	low	10.8174014826375	605	CheckV-003189	49.7	13.07	39.818435554243784	65.40168015021409	8	1.0
contig_2348	114600	NA	43921.78037520073	100.0	low	34.9257320695997	613	CheckV-032588	34.0	2.31	97.74134181428707	99.4703286146177	19	1.11
contig_23574	17175	NA	NA	NA	NA	NA	0	NA	NA	NA	NA	NA	0	1.12
contig_23577	2805	NA	NA	NA	NA	NA	0	NA	NA	NA	NA	NA	0	1.0
contig_23588	3566	NA	NA	NA	NA	NA	0	NA	NA	NA	NA	NA	0	1.01
contig_23630	9674	NA	82809.18482524858	11.682278989238872	low	27.4561384438116	9	CheckV-002571	33.3	10.56	NA	NA	0	1.0
contig_23650	9607	NA	136409.0988760938	7.042785326751881	low	25.5595308871383	62	CheckV-005415	27.8	14.37	NA	NA	0	1.0
contig_23712	23894	18936	38473.644744500205	49.218107943118376	low	27.4427620025844	38	CheckV-026464	34.2	5.83	35.06281105976617	52.863672316109785	8	1.0
contig_23823	24660	NA	79491.83424484188	31.022054320755785	low	14.353007412968	19	CheckV-002409	36.9	13.02	38.07	75.05	1	1.05
contig_23927	22554	NA	47283.68651661323	47.699326472938196	low	18.7775133222402	20	CheckV-057970	67.8	9.41	28.305525511412515	54.526813754041285	6	1.0
contig_23934	12483	NA	49980.173718297265	24.97590358600553	low	14.6579797588075	277	CheckV-017404	50.0	15.61	14.804760774976243	33.857657165733	7	1.0
contig_23943	29601	NA	40047.75713660836	73.91425167463674	low	19.215906818237	20	CheckV-057957	81.8	7.8	17.034394308299323	64.72711631770827	13	1.0
contig_2415	2745	NA	NA	NA	NA	NA	0	NA	NA	NA	NA	NA	0	1.0
contig_24215	37169	NA	NA	NA	NA	NA	0	NA	NA	NA	NA	NA	0	1.01
contig_24248	45614	NA	62033.27642900264	73.53150216433502	low	32.8837114381832	87	CheckV-044197	24.4	5.52	68.24	100.0	1	1.1
contig_243	119294	NA	167618.01132227213	71.17015591518887	low	33.4305729197674	56	CheckV-058400	27.7	2.58	NA	NA	0	1.02
contig_24416	6290	NA	NA	NA	NA	NA	0	NA	NA	NA	NA	NA	0	1.51
contig_24422	8657	NA	6523.263207258505	100.0	low	17.7188662440404	10	CheckV-005847	32.3	25.43	80.71	100.0	1	1.0
contig_24580	8878	NA	116368.93336480507	7.629183961125046	low	15.7472323702244	116	CheckV-000758	37.9	19.62	NA	NA	0	1.0
contig_24591	12100	NA	49484.16687771903	24.452265772000302	medium	8.12710242975227	79	CheckV-006558	41.1	44.45	15.117147603870377	36.81875166488451	4	1.0
contig_24681	30428	NA	53234.64702279876	57.15826384078141	low	28.6374455909989	9	CheckV-014310	28.3	5.18	NA	NA	0	1.0
contig_24700	12183	NA	38438.661325981775	31.694652154197595	low	14.6579797588075	206	CheckV-000079	51.0	12.78	22.019064142547446	37.36589591919003	6	1.0
contig_24722	13267	NA	NA	NA	NA	NA	0	NA	NA	NA	NA	NA	0	2.31
contig_24733	12299	NA	265999.2717311993	4.62369686952697	low	11.1417515456122	79	CheckV-046216	61.9	13.23	6.53	27.58	1	1.01
contig_24960	16530	NA	NA	NA	NA	NA	0	NA	NA	NA	NA	NA	0	1.27
contig_2525	9926	NA	82009.13960215896	12.103529006831197	low	37.7921073948101	20	CheckV-007424	83.5	19.9	5.505322195704056	8.288591885441527	2	1.0
contig_25335	10140	NA	5893.096545679843	100.0	low	12.5453716678203	45	CheckV-010083	31.2	32.36	33.80543674698795	100.0	2	1.0
contig_25365	11150	NA	39014.28389182849	28.579276325857048	low	29.17924392698	46	CheckV-012365	26.9	16.81	12.453925646650413	42.706069860688196	4	1.0
contig_25377	27598	NA	65111.373772096435	42.38583583967807	low	26.8672114679771	52	CheckV-031131	38.9	5.17	NA	NA	0	1.0
contig_25379	4025	NA	NA	NA	NA	NA	0	NA	NA	NA	NA	NA	0	1.0
contig_25447	29308	NA	37302.5390357578	78.56837833989177	low	17.6215217642305	6	CheckV-059738	42.9	8.44	NA	NA	0	1.03
contig_25574	5958	NA	44586.7614972765	13.36271081353135	medium	6.24206248412497	12	CheckV-003270	61.8	39.05	2.55	15.59	1	1.02
contig_25624	14270	NA	44464.102636512114	32.09330483211429	low	17.1008155064413	15	CheckV-057992	74.4	4.04	6.13	26.199999999999996	1	1.0
contig_25657	11837	NA	NA	NA	NA	NA	0	NA	NA	NA	NA	NA	0	1.01
contig_25693	24987	NA	NA	NA	NA	NA	0	NA	NA	NA	NA	NA	0	1.19
contig_25760	11663	NA	40804.527158482364	28.582612793677523	low	25.5595308871383	15	CheckV-042325	28.0	13.17	15.952390767655006	42.48049722392562	7	1.0
contig_25886	13193	NA	NA	NA	NA	NA	0	NA	NA	NA	31.39	88.36	1	1.0
contig_25891	24085	NA	57031.68081387348	42.230913864528965	low	19.919469608367	836	CheckV-058207	35.3	10.49	31.688504991105876	59.317096007353804	10	1.0
contig_25952	18015	NA	7478.067149734477	100.0	low	24.0809313623841	2	CheckV-008329	27.7	9.45	100.0	100.0	1	1.0
contig_26025	25991	NA	54234.75124211855	47.9231478060426	low	24.0809313623841	44	CheckV-016041	29.9	9.65	38.88	85.25	1	1.0
contig_26127	24795	NA	NA	NA	NA	NA	0	NA	NA	NA	NA	NA	0	1.41
contig_26144	20811	12779	70914.90065918816	18.020190229716235	low	26.8672114679771	3	CheckV-008395	38.4	6.48	19.085145888594162	29.484005305039787	2	1.87
contig_26222	49173	NA	73897.5998679951	66.54207996990269	low	33.4305729197674	110	CheckV-001560	30.9	3.31	53.19220918820031	89.65585422442146	7	1.0
contig_26304	10731	NA	139122.2698740173	7.713358910631272	low	23.5973739108457	95	CheckV-032619	43.2	9.81	9.697902097902098	26.724545454545456	2	1.0
contig_26315	34350	NA	187940.76329190604	18.277035486254906	low	19.215906818237	70	CheckV-015755	80.9	8.51	14.95818737619836	24.600558799737286	13	1.0
contig_26341	12762	NA	42837.82484613476	29.79142859339533	low	27.4561384438116	214	CheckV-036656	34.5	10.61	22.049902000816655	41.212070232748054	3	1.45
contig_26432	22437	NA	NA	NA	NA	NA	0	NA	NA	NA	NA	NA	0	1.01
contig_26463	26708	NA	44353.39751608389	60.21635657181587	low	19.919469608367	433	CheckV-029827	34.0	9.99	35.84910437393774	74.5254317154493	20	1.0
contig_26471	45830	NA	187780.79022191852	24.40611733811446	low	30.1053876760942	111	CheckV-059243	62.2	6.11	20.90432009704161	38.70408676660411	31	1.0
contig_26582	8126	NA	5933.0	100.0	low	26.7589582006503	1	CheckV-010165	34.8	4.65	75.76	100.0	1	1.0
contig_26679	9407	NA	6102.818096143724	100.0	low	15.7472323702244	56	CheckV-028209	39.7	21.69	31.359608433734937	100.0	2	1.0
contig_26681	5148	NA	4826.533400458637	100.0	low	11.6380162023316	18	CheckV-005326	42.6	31.98	47.99	100.0	1	1.0
contig_26740	36536	NA	82498.2495807484	44.28700025233743	low	26.0831970943911	93	CheckV-001237	27.7	7.99	NA	NA	0	1.02
contig_26749	49093	NA	75887.25476251534	64.69202259804183	low	33.4305729197674	31	CheckV-041425	29.7	3.98	30.640265654648953	100.00000000000001	2	1.0
contig_26763	18750	NA	6648.0202552492465	100.0	low	13.6499940552004	102	CheckV-004977	40.0	16.36	100.0	100.0	1	1.0
contig_26772	14806	NA	58600.28700877935	25.26608785684241	low	12.3244307299425	34	CheckV-035642	57.1	15.13	NA	NA	0	1.0
contig_26823	40224	NA	110097.4197052643	36.53491617485808	low	34.9257320695997	82	CheckV-058400	36.3	5.96	NA	NA	0	1.0
contig_26844	18760	NA	50245.81261617478	37.33644461739865	low	19.919469608367	145	CheckV-056576	35.9	9.66	27.724330440956567	51.45689747576205	6	1.0
contig_26949	17908	NA	58404.24084243471	30.662156962733096	low	12.0387100725814	27	CheckV-018896	33.1	18.76	NA	NA	0	1.0
contig_27043	22582	NA	49681.68120129793	45.45337326348378	low	22.3998188181985	2	CheckV-021937	56.4	6.3	NA	NA	0	1.01
contig_27046	14670	NA	52484.22853859787	27.951253945195006	low	29.17924392698	612	CheckV-032493	25.4	17.01	20.343181471261666	42.637975694240595	3	1.0
contig_27051	2843	NA	93837.0	3.0297217515478967	low	12.8819520773796	1	CheckV-008630	46.2	10.98	NA	NA	0	1.0
contig_27052	17783	NA	43782.0	40.61714859988123	low	27.4427620025844	1	CheckV-014761	36.7	4.56	22.251230342613198	44.153089502681794	3	1.0
contig_27064	27169	NA	85047.26180962601	31.945766885260138	low	27.441312952095	75	CheckV-023650	26.9	8.36	NA	NA	0	1.0
contig_27084	15826	NA	71324.02899449355	22.188875506769	low	13.3626373626374	29	CheckV-002746	31.4	22.35	6.056160714285714	17.85705357142857	2	1.0
contig_27150	23851	NA	38992.16601680521	61.16869729606832	low	14.0027581941034	48	CheckV-058167	94.1	13.72	32.902358314709474	67.14850587328259	18	1.0
contig_27171	13554	NA	91838.21553999648	14.758562021598834	low	22.555739773824	132	CheckV-038784	28.3	20.64	NA	NA	0	1.0
contig_27291	14369	NA	151354.33507419357	9.493616415384698	low	23.5973739108457	157	CheckV-042948	47.2	11.06	6.698218027144655	15.009405330321593	6	1.0
contig_27358	9102	NA	57825.73942951293	15.740395349539705	low	11.8293142109682	2	CheckV-019275	29.0	39.48	NA	NA	0	1.28
contig_27397	23898	NA	56306.66244967065	42.44257954617906	low	24.0809313623841	45	CheckV-000213	32.5	7.57	34.15084741412469	68.9067827859897	4	1.0
contig_27498	12800	NA	NA	NA	NA	NA	0	NA	NA	NA	NA	NA	0	1.02
contig_27610	12725	NA	114505.46498057489	11.113006704229107	low	17.48999801379	439	CheckV-008173	56.2	9.47	4.18	22.29	1	1.0
contig_27705	12719	NA	64580.6825323663	19.694743847938646	low	17.7188662440404	4	CheckV-040231	27.9	23.41	11.29	39.79	1	1.0
contig_27723	26912	NA	223989.2391065261	12.014862904731345	medium	8.40707262595249	13	CheckV-015755	35.2	37.42	11.87529333403504	20.11842621931025	9	1.0
contig_27768	19006	NA	55481.06971449222	34.25672954361844	low	27.4427620025844	4	CheckV-032851	34.1	5.68	NA	NA	0	1.0
contig_27833	17205	NA	6728.0818984835505	100.0	low	11.4429041549327	34	CheckV-009608	39.4	18.15	38.52524096385542	100.0	2	1.03
contig_27873	13020	NA	55158.862819476395	23.604547545898072	low	29.1891156069426	21	CheckV-002784	30.9	9.71	24.516263736263735	51.86241758241758	2	1.01
contig_27962	14332	NA	69937.27185631798	20.492649512329066	low	25.5595308871383	51	CheckV-008342	28.3	16.2	14.532813559322035	39.5834011299435	2	1.0
contig_28036	9168	NA	92421.03013787267	9.919820181968626	low	29.17924392698	4	CheckV-009007	27.3	12.67	11.42	23.649999999999995	1	1.0
contig_28177	34693	NA	68508.84110964191	50.64017933755023	low	25.0168993387215	582	CheckV-018990	47.0	4.55	31.000944591462932	65.38153449085165	9	1.0
contig_28216	10210	NA	57025.04749899465	17.904412969020328	low	20.6566983698812	25	CheckV-019638	36.1	16.53	15.270000000000001	33.49	1	1.02
contig_28416	10448	NA	34818.71123482492	30.006854445405597	low	29.17924392698	4	CheckV-009322	25.7	15.7	9.694503214451927	33.889547102817595	6	1.0
contig_28550	15452	NA	7128.575975033171	100.0	low	16.7308326916731	28	CheckV-005462	30.7	14.62	100.0	100.0	1	1.01
contig_28753	19304	NA	129511.05925948055	14.905290799393176	medium	6.55769092693201	139	CheckV-040706	83.5	13.23	10.973282715391916	25.72636860535525	6	1.0
contig_28758	6646	NA	95628.35649405378	6.949821416635192	low	21.7847867931505	2	CheckV-002078	20.3	52.27	NA	NA	0	1.0
contig_28784	20468	NA	NA	NA	NA	NA	0	NA	NA	NA	NA	NA	0	1.77
contig_28848	28191	NA	73740.60959987728	38.22995246847935	low	28.6374455909989	132	CheckV-009003	32.5	6.56	29.203150941618617	80.94153978958443	4	1.01
contig_28897	11491	NA	7139.712305161746	100.0	low	29.1891156069426	2	CheckV-010136	27.9	11.04	100.0	100.0	1	1.0
contig_29077	5299	NA	NA	NA	NA	NA	0	NA	NA	NA	NA	NA	0	1.02
contig_29108	17387	NA	66916.84942159473	25.98299255013797	low	28.6374455909989	9	CheckV-000137	31.7	6.68	NA	NA	0	1.0
contig_29207	40879	NA	56316.00041233369	72.58860661391562	low	33.4305729197674	19	CheckV-016041	30.1	7.32	61.150000000000006	100.0	1	1.0
contig_29265	25295	NA	40277.02003691977	62.80256080716359	low	31.6107195198548	29	CheckV-051897	25.3	7.44	36.156475786916275	66.01851355066978	8	1.0
contig_29299	14745	NA	44632.99354591305	33.03609914677159	medium	8.23376929421468	357	CheckV-013547	55.8	17.84	25.488431467703812	42.21733129777562	7	1.0
contig_29350	11930	NA	45873.20454312125	26.006467433042936	low	29.1891156069426	27	CheckV-023402	28.3	12.36	17.96876593839359	36.15502681415299	3	1.0
contig_29481	8783	NA	NA	NA	NA	NA	0	NA	NA	NA	NA	NA	0	1.0
contig_29630	13161	NA	40929.349075677776	32.15540998628026	low	29.1891156069426	27	CheckV-022030	31.0	11.32	21.58851107397843	49.55760480024305	4	1.01
contig_29852	29163	NA	50196.513895976605	58.097660049530845	low	24.0809313623841	41	CheckV-060458	30.4	7.76	NA	NA	0	1.0
contig_29913	19045	NA	6722.772879458834	100.0	low	14.353007412968	40	CheckV-005456	36.0	16.79	100.0	100.0	1	1.0
contig_30081	12880	NA	NA	NA	NA	NA	0	NA	NA	NA	1.08	17.09	1	1.0
contig_30130	2997	NA	NA	NA	NA	NA	0	NA	NA	NA	NA	NA	0	1.0
contig_30221	11080	NA	34351.61625776719	32.254668650400745	low	28.292853557284	5	CheckV-054525	25.6	18.27	13.208186097695176	43.62837584826068	3	1.0
contig_30225	9821	NA	4822.051739845847	100.0	low	11.4453806865935	29	CheckV-004275	36.6	36.7	91.56	100.0	1	1.11
contig_30253	4189	NA	NA	NA	NA	NA	0	NA	NA	NA	NA	NA	0	1.05
contig_30406	10105	NA	59503.655111489956	16.982150056272356	medium	8.19351450259302	767	CheckV-056779	71.6	20.02	13.278309471996335	25.391379158008412	3	1.0
contig_30468	6875	NA	135917.1409677725	5.058228823125511	low	16.354663036079	14	CheckV-015559	41.1	17.58	NA	NA	0	1.0
contig_30583	122106	NA	172861.8938323704	70.63789322961486	low	32.6468103084073	403	CheckV-014636	82.3	2.04	55.41838544900486	77.39138767806541	87	1.0
contig_30699	22599	NA	106278.6534990798	21.26391260705582	low	27.4427620025844	52	CheckV-008741	34.3	4.32	16.013357933579336	49.97763837638375	2	1.0
contig_30715	19331	NA	141418.5240403434	13.669354938597234	low	27.441312952095	291	CheckV-009082	26.3	11.87	NA	NA	0	1.0
contig_30756	17279	NA	6301.546386519825	100.0	low	16.7308326916731	13	CheckV-032817	31.9	14.48	38.55965361445784	100.0	2	1.0
contig_30851	10710	NA	88665.0	12.079174420571816	low	32.8609121902687	1	CheckV-002246	24.8	10.05	NA	NA	0	1.0
contig_30855	9028	NA	NA	NA	NA	NA	0	NA	NA	NA	NA	NA	0	1.01
contig_30879	3784	NA	NA	NA	NA	NA	0	NA	NA	NA	NA	NA	0	1.0
contig_30888	10617	NA	157102.121803334	6.758024575435547	low	16.1277892551785	140	CheckV-014976	43.9	16.48	3.07	13.68	1	1.0
contig_30897	32376	NA	350303.50223403645	9.242271285763428	low	28.6374455909989	2	CheckV-000637	32.5	2.89	NA	NA	0	1.04
contig_30898	28981	NA	81074.78577782563	35.746008727569716	low	25.0168993387215	95	CheckV-031131	44.4	3.73	2.33	8.58	1	1.06
contig_30995	9009	NA	49912.32143674217	18.049651349953376	low	23.7881428775411	4	CheckV-015058	48.6	2.86	12.245736225353003	30.598946832700125	5	1.0
contig_31058	20679	NA	39836.70445957949	51.90941439692144	low	21.5120508374871	105	CheckV-058167	95.2	6.98	24.069661505119143	54.19173841532027	13	1.0
contig_3107	4313	NA	NA	NA	NA	NA	0	NA	NA	NA	NA	NA	0	1.53
contig_31108	24551	NA	129207.21291493383	19.001261188230757	low	18.5642512859947	193	CheckV-002948	38.6	7.97	NA	NA	0	1.0
contig_31130	17775	NA	44792.147533903364	39.68329490463932	low	11.4429041549327	375	CheckV-047710	40.8	18.81	13.010281641834325	46.48511350456125	8	1.0
contig_31136	18103	NA	NA	NA	NA	NA	0	NA	NA	NA	NA	NA	0	3.46
contig_31175	26155	NA	41372.546204351	63.21825074727786	low	19.919469608367	784	CheckV-024675	37.3	9.49	54.27999805259899	70.25640679593425	6	1.0
contig_31187	54936	NA	81052.43167533168	67.77834898285943	low	32.0045732680983	444	CheckV-001715	52.6	3.89	74.95409158210614	98.68039697803398	12	1.05
contig_31219	40586	NA	45279.493498491625	89.63439487535793	low	30.837105556649	91	CheckV-058184	67.5	5.8	52.306823338222955	92.06858640939583	19	1.01
contig_31268	14775	NA	NA	NA	NA	NA	0	NA	NA	NA	NA	NA	0	1.0
contig_31270	16429	NA	4736.386095263125	100.0	medium	8.19045947082916	56	CheckV-004188	40.1	31.76	100.0	100.0	1	1.32
contig_31358	8771	NA	8672.082125916064	100.0	low	16.1277892551785	15	CheckV-009582	43.2	16.53	81.77	100.0	1	1.0
contig_31395	16787	NA	119561.58644441798	14.040462743277477	low	18.9580920134248	59	CheckV-042948	86.7	6.51	7.6431075258236465	13.680471531444644	4	1.0
contig_31410	12104	NA	53271.87144242841	22.721184130129437	low	23.7881428775411	130	CheckV-004406	50.0	7.3	NA	NA	0	1.0
contig_31432	11781	NA	62957.705725864216	18.712562448348784	low	23.5973739108457	34	CheckV-011427	45.6	10.65	12.852754491017965	32.57296407185628	2	1.0
contig_31475	23515	NA	52912.83617671944	44.44101223654709	low	10.7714140835319	18	CheckV-041334	89.7	15.76	34.990718726093135	63.58042444635849	9	1.0
contig_31516	16426	NA	60633.876800415324	27.090466364320427	medium	6.55769092693201	358	CheckV-029779	86.5	17.15	15.87020636828374	25.58746945937575	7	1.0
contig_31518	17295	NA	4827.718292242785	100.0	low	16.7308326916731	9	CheckV-019612	30.5	15.35	100.0	100.0	1	1.2
contig_31553	18930	NA	39074.70297094045	48.44566576508103	low	16.7308326916731	851	CheckV-013123	29.3	14.79	28.431969623034274	68.16434808105093	10	1.0
contig_31650	73904	NA	49937.3331780575	100.0	low	32.8837114381832	1207	CheckV-051139	27.2	3.85	67.7126092560903	88.48591717540174	11	1.12
contig_31659	29047	NA	47877.63403613825	60.66924689318439	low	28.6374455909989	109	CheckV-002820	32.2	6.38	35.22927272727273	97.51127272727274	2	1.01
contig_31718	37183	NA	90578.61870217366	41.05052663947028	low	33.4305729197674	45	CheckV-000012	28.5	6.6	55.63	100.0	1	1.03
contig_31738	16028	NA	NA	NA	NA	NA	0	NA	NA	NA	NA	NA	0	1.08
contig_31771	30254	NA	54040.612315903985	55.983821617610246	low	24.0809313623841	112	CheckV-014642	30.1	7.73	42.82312981659681	78.10270573728621	4	1.08
contig_3187	18685	NA	38998.87812693061	47.911634635195064	low	17.6215217642305	138	CheckV-031195	43.3	10.89	35.358333594126925	54.64315465463887	11	1.0
contig_3189	20471	NA	39064.8210038475	52.40264635535846	low	19.919469608367	43	CheckV-032588	34.0	11.87	36.47004115653098	56.507742686015995	12	1.12
contig_31955	15124	NA	55544.42050089511	27.22865746660598	low	27.4427620025844	8	CheckV-009870	36.0	5.57	NA	NA	0	1.0
contig_32046	12123	NA	471135.484806238	2.573145176060296	low	27.4561384438116	80	CheckV-001998	33.1	9.45	NA	NA	0	1.0
contig_32083	12641	NA	5252.159107329213	100.0	low	25.5595308871383	5	CheckV-010179	30.5	17.39	100.0	100.0	1	1.0
contig_32212	37870	NA	53222.51941176845	71.15409119776893	low	34.5701557787554	675	CheckV-011210	43.7	4.74	51.08231908898052	84.08236463252935	7	1.01
contig_32306	19307	NA	63812.38305106454	30.2558830698267	low	24.0809313623841	32	CheckV-004917	29.2	10.37	22.3	56.57999999999999	1	1.01
contig_32351	26359	NA	50543.42275691477	52.151197054405785	low	26.8672114679771	2	CheckV-059838	38.3	2.31	27.491306130637337	61.69667112654818	6	1.0
contig_32412	12732	NA	47162.590134589474	26.99597279043891	low	20.6566983698812	298	CheckV-010982	35.8	12.82	21.012875399361022	39.82536741214058	2	1.08
contig_32422	11005	NA	37912.205451537804	29.027591164717148	low	29.17924392698	19	CheckV-010140	26.0	17.29	13.121868826651093	36.916105426199124	3	1.0
contig_32533	22942	NA	98752.94985204568	23.23171108748885	low	26.8672114679771	38	CheckV-018244	39.7	1.95	25.958569343065694	59.14884671532847	2	1.0
contig_32716	17235	NA	65386.0	26.358853577218365	low	10.232210936042	1	CheckV-008385	25.7	23.82	NA	NA	0	1.34
contig_32733	13648	NA	6504.8494984579165	100.0	low	25.5595308871383	10	CheckV-018507	32.2	13.73	100.0	100.0	1	1.0
contig_32856	10743	NA	43606.11844212177	24.636450993131024	low	29.1891156069426	150	CheckV-060271	29.0	12.43	11.874650487096224	43.231117330370886	3	1.0
contig_32860	21408	NA	52174.149146037234	41.03181431876977	low	21.1704738531244	85	CheckV-014019	27.2	13.68	30.900349344978167	59.35397379912665	2	1.0
contig_3301	14471	NA	114695.0	12.616940581542352	medium	5.99137900149934	2	CheckV-009962	55.0	27.79	NA	NA	0	1.0
contig_33047	22251	NA	49943.15054643907	44.55265588283254	low	25.0168993387215	95	CheckV-004698	45.2	3.28	18.722039089335063	59.810051465052716	9	1.0
contig_33203	14973	NA	6674.7506069455685	100.0	low	29.1891156069426	5	CheckV-008329	29.9	12.28	100.0	100.0	1	1.17
contig_33258	38701	NA	NA	NA	NA	NA	0	NA	NA	NA	NA	NA	0	1.01
contig_33299	14696	NA	NA	NA	NA	NA	0	NA	NA	NA	NA	NA	0	1.51
contig_33325	32707	NA	50937.34374934013	64.21025831450763	low	27.4427620025844	65	CheckV-002820	36.2	4.26	48.93	100.0	1	1.02
contig_33444	27229	NA	61049.99999999999	44.60114660114661	low	22.3013900458853	1	CheckV-002931	58.4	3.53	31.44	79.8	1	1.0
contig_33594	13115	NA	333474.7427003999	3.932831582325492	low	22.555739773824	3	CheckV-000748	31.6	19.09	NA	NA	0	1.0
contig_33635	22010	NA	40903.54824420034	53.80951273125986	low	25.0168993387215	30	CheckV-032927	42.8	4.4	42.550153846153854	68.41243589743591	2	1.0
contig_3368	47168	NA	41727.06569470998	100.0	low	33.4305729197674	255	CheckV-018568	30.5	4.73	60.18517500894552	93.90420209108359	12	1.15
contig_33686	14128	NA	NA	NA	NA	NA	0	NA	NA	NA	33.89	36.12	1	2.02
contig_33750	31212	NA	45516.25629597993	68.57330224400879	low	28.6374455909989	183	CheckV-007935	32.4	6.9	46.69	100.0	1	1.02
contig_33764	12574	NA	6291.250332630358	100.0	low	11.4453806865935	140	CheckV-009547	33.1	35.41	56.26818181818182	100.0	2	1.0
contig_33856	15373	NA	172927.2762661897	8.889864185645356	low	13.6499940552004	76	CheckV-012292	38.4	12.52	1.24	24.49	1	1.0
contig_33863	10000	6053	46589.14944196369	12.992295572041403	low	11.1417515456122	11	CheckV-012241	60.7	15.34	5.71852417302799	20.5837786259542	2	1.0
contig_34203	17548	NA	80909.30415985387	21.688482161866233	low	21.1704738531244	14	CheckV-014310	25.7	16.27	9.32	39.35	1	1.34
contig_34228	10290	NA	35234.734161548164	29.204136897475237	medium	9.64299623523303	23	CheckV-056146	76.4	15.01	24.92	38.19	1	1.0
contig_34254	13581	NA	NA	NA	NA	NA	0	NA	NA	NA	9.35	36.52	1	1.01
contig_34494	20663	NA	38451.03221517276	53.738479332282765	medium	7.04923548312426	78	CheckV-057725	67.5	16.36	28.219917932915806	59.13258274601495	17	1.0
contig_34504	20648	NA	6499.319487213659	100.0	low	16.7308326916731	87	CheckV-004229	32.5	16.21	39.998102409638555	100.0	2	1.0
contig_34518	14382	NA	41771.58576183521	34.4301029939356	low	24.8647961961453	13	CheckV-013223	30.4	7.48	8.7	42.76	1	1.0
contig_34531	13287	NA	NA	NA	NA	NA	0	NA	NA	NA	NA	NA	0	1.0
contig_34610	13589	NA	NA	NA	NA	NA	0	NA	NA	NA	25.4	26.57	1	3.5
contig_3462	13147	NA	5445.000000000001	100.0	low	28.292853557284	1	CheckV-010118	24.2	17.9	100.0	100.0	1	1.0
contig_3464	18848	12678	47216.866139240505	26.850574882740258	low	18.5642512859947	2	CheckV-059176	38.6	9.42	27.344277456647394	34.38531791907515	2	1.0
contig_34808	11106	NA	NA	NA	NA	NA	0	NA	NA	NA	NA	NA	0	3.98
contig_34834	11590	NA	110686.37485762649	10.471026822323857	low	23.7881428775411	32	CheckV-003350	50.7	4.95	2.6	3.41	1	1.01
contig_3504	10055	NA	NA	NA	NA	NA	0	NA	NA	NA	NA	NA	0	1.0
contig_35110	28659	NA	47083.88920856703	60.86795394715487	low	23.4841469330158	31	CheckV-057762	48.5	6.28	100.0	100.0	1	1.33
contig_35285	19617	NA	60295.19113916637	32.53493293473822	low	19.215906818237	178	CheckV-061150	81.1	9.24	27.100854018450786	53.11335597694947	11	1.0
contig_35298	44445	NA	52327.02217931838	84.93699459467109	low	34.5701557787554	1050	CheckV-000197	43.9	5.2	34.14	92.59	1	1.01
contig_35375	15250	NA	81891.28396061025	18.622250455048743	medium	5.92938197505392	41	CheckV-041977	73.2	21.49	13.001315838221672	37.8084995368941	3	1.0
contig_35394	7766	NA	NA	NA	NA	NA	0	NA	NA	NA	NA	NA	0	1.0
contig_35420	35589	NA	47597.3447026136	74.77097771390132	low	32.8837114381832	159	CheckV-001396	26.0	4.49	46.307338501291994	100.00000000000001	2	1.0
contig_35473	65381	NA	129341.22975390969	50.549233314386115	low	32.8837114381832	19	CheckV-029464	22.95	5.5	NA	NA	0	1.03
contig_35514	24956	NA	43232.96697217128	57.724467571388246	low	14.2746572313136	802	CheckV-041977	61.9	12.08	18.02415651839848	58.776013057173095	4	1.0
contig_35562	106648	NA	60138.227714708926	100.0	low	39.9812268786925	210	CheckV-061150	90.3	2.89	93.01318812957031	99.99999999999999	26	1.02
contig_35594	23436	NA	62408.99053254438	37.552281810709374	low	19.919469608367	2	CheckV-007865	37.5	8.33	18.82713501986954	50.776229804208896	5	1.0
contig_35606	11748	NA	58952.45532840347	19.927923162073586	low	26.2150433075829	93	CheckV-001730	38.9	6.02	14.35	27.51	1	1.06
contig_35647	32057	NA	6952.318879752504	100.0	low	23.4841469330158	17	CheckV-007128	47.9	4.45	100.0	100.0	1	1.02
contig_35655	8857	NA	45445.41710179584	19.489313917310273	low	10.8022239872915	684	CheckV-017141	81.3	9.99	9.532390109325434	24.51708162524237	3	1.0
contig_35682	11693	NA	146044.0889736137	8.006486316685242	low	18.6356392398109	2	CheckV-002524	40.4	14.09	6.21	26.22	1	1.0
contig_35991	10696	NA	6541.290865855206	100.0	medium	7.37677077586998	177	CheckV-014737	52.3	63.73	99.72	100.0	1	1.02
contig_36321	19953	NA	6850.247069569188	100.0	low	24.0809313623841	7	CheckV-008329	30.6	10.83	39.70215361445783	100.0	2	1.0
contig_36413	10954	NA	312869.3630992645	3.5011417837433347	low	17.4785801713586	54	CheckV-038134	37.1	19.41	NA	NA	0	1.0
contig_36444	96821	NA	79324.73367981557	100.0	low	34.9257320695997	81	CheckV-015771	35.5	2.19	92.36759816055816	100.0	3	1.03
contig_36497	12584	NA	7064.0	100.0	low	29.1891156069426	1	CheckV-007855	30.1	11.03	100.0	100.0	1	1.01
contig_36708	111720	NA	226498.2043385214	49.32489435237406	medium	9.40952640438654	251	CheckV-000929	34.65	15.11	NA	NA	0	1.29
contig_36821	169125	NA	82727.5053851311	100.0	low	34.9257320695997	14	CheckV-012274	32.6	4.31	97.94412154798378	100.0	3	1.0
contig_36982	12839	NA	27661.0	46.415530891869416	low	12.6657909233442	1	CheckV-019952	29.7	36.02	NA	NA	0	1.0
contig_36998	75615	NA	117607.17367117862	64.29454738144989	low	34.0128276133136	133	CheckV-001965	48.4	4.01	83.62375457999399	100.00000000000001	18	1.0
contig_37069	66898	NA	NA	NA	NA	NA	0	NA	NA	NA	43.07	100.0	1	1.28
contig_37160	28431	NA	51822.733981344165	54.8620225444589	low	26.8672114679771	2169	CheckV-002381	42.4	5.76	32.77423822714682	79.1831024930748	2	1.01
contig_37269	23226	NA	6430.124409731656	100.0	low	16.7308326916731	98	CheckV-003286	29.6	13.29	41.099307228915656	100.0	2	1.0
contig_37322	27970	NA	72069.23027529761	38.80990527185771	low	27.4427620025844	16	CheckV-060189	35.8	3.09	NA	NA	0	1.0
contig_37323	177226	NA	105535.06372922543	100.0	low	35.9439843853632	628	CheckV-032811	42.4	1.65	100.0	100.0	1	1.01
contig_37954	19715	NA	NA	NA	NA	NA	0	NA	NA	NA	NA	NA	0	1.31
contig_38467	12686	NA	52154.70900439238	24.323786369763095	low	29.17924392698	2	CheckV-024082	23.8	14.95	NA	NA	0	1.0
contig_38475	70076	NA	55517.0	100.0	low	33.4305729197674	1	CheckV-007168	31.5	1.19	NA	NA	0	1.08
contig_38520	5938	NA	NA	NA	NA	NA	0	NA	NA	NA	NA	NA	0	1.11
contig_38876	115306	NA	98528.56682145219	100.0	low	32.0045732680983	751	CheckV-002936	54.2	1.74	79.84293389141902	86.12611300264705	7	1.0
contig_39004	63067	NA	74813.83784392603	84.29857606231636	low	35.9439843853632	495	CheckV-015690	38.6	5.62	36.43369112745593	69.44940886900815	26	1.0
contig_3913	28102	NA	37668.157730906205	74.60412638376178	low	16.0886513846799	149	CheckV-010185	52.3	11.3	38.436339704826025	80.81308636514093	24	1.0
contig_39177	18866	NA	46054.091603997964	40.96487270278118	low	24.0809313623841	27	CheckV-010170	30.6	7.87	39.23414156626506	100.0	2	1.0
contig_39271	18799	NA	66430.86048704908	28.29859475275791	low	27.4427620025844	3	CheckV-010520	36.4	5.4	NA	NA	0	1.0
contig_39274	13467	NA	42865.01510752101	31.417229099814566	low	29.1891156069426	13	CheckV-002704	28.6	8.43	NA	NA	0	1.0
contig_39295	10617	NA	41792.708402643526	25.40395299991718	low	22.555739773824	62	CheckV-029843	29.4	17.66	11.347762898917601	32.464538170405966	4	1.0
contig_39398	6111	NA	NA	NA	NA	NA	0	NA	NA	NA	NA	NA	0	2.99
contig_39487	19886	NA	39511.4172874187	50.3297562204435	low	27.4427620025844	81	CheckV-010982	33.3	7.01	29.75	65.23	1	1.0
contig_39558	100832	NA	55475.88283770134	100.0	low	33.4305729197674	2198	CheckV-023878	30.3	1.99	96.4778010818596	100.0	10	1.01
contig_39932	18108	NA	9282.060407528732	100.0	high	3.5948207353361	2	CheckV-018452	26.0	41.44	100.0	100.0	1	1.0
contig_39942	42373	NA	59183.843081393774	71.59555343799772	low	32.8837114381832	74	CheckV-008404	26.1	6.28	38.74184218550695	98.58046783890819	4	1.02
contig_40028	2945	NA	NA	NA	NA	NA	0	NA	NA	NA	1.83	38.79	1	1.0
contig_40037	12550	NA	77200.0	16.256476683937823	low	20.455764075067	1	CheckV-058656	25.8	36.94	NA	NA	0	1.01
contig_40148	32045	NA	94393.74205814175	33.94822506375677	low	31.6107195198548	31	CheckV-002820	26.2	5.1	27.39021796132361	87.5997383105625	4	1.0
contig_40163	12747	NA	NA	NA	NA	NA	0	NA	NA	NA	NA	NA	0	1.0
contig_40169	17876	NA	9472.0	100.0	medium	8.03713251853809	1	CheckV-010433	23.1	33.52	100.0	100.0	1	1.0
contig_40186	12591	NA	84756.0	14.85558544527821	medium	7.72496529642426	1	CheckV-001615	62.4	21.22	NA	NA	0	1.0
contig_40338	8039	NA	7434.0333626505635	100.0	low	12.3818071879646	35	CheckV-009582	42.8	17.58	74.95	100.0	1	1.0
contig_40409	20819	NA	69125.94640739704	30.11749000484165	low	28.6374455909989	134	CheckV-041584	32.3	4.39	11.06	46.68	1	1.0
contig_40470	5572	NA	NA	NA	NA	NA	0	NA	NA	NA	NA	NA	0	5.41
contig_40498	9639	NA	36829.94998180648	26.17163478300009	low	29.17924392698	9	CheckV-028949	22.6	13.84	10.382124768763608	35.237603337864954	5	1.0
contig_40513	8050	NA	NA	NA	NA	NA	0	NA	NA	NA	NA	NA	0	9.03
contig_40526	44609	NA	48131.324816968634	92.68184528399509	low	33.4305729197674	184	CheckV-002820	32.5	3.98	66.73	100.0	1	1.01
contig_40612	8209	NA	7532.512475656364	100.0	low	18.6356392398109	20	CheckV-009582	42.3	13.96	76.53	100.0	1	1.0
contig_40644	4101	NA	NA	NA	NA	NA	0	NA	NA	NA	NA	NA	0	1.0
contig_40650	6075	NA	4787.00687206813	100.0	low	15.1657311952622	13	CheckV-004275	40.8	25.75	56.64	100.0	1	1.0
contig_40667	12977	NA	7031.118407770689	100.0	low	25.5595308871383	5	CheckV-018507	30.6	12.52	100.0	100.0	1	1.0
contig_40710	38802	NA	49577.99475385794	78.26456110748731	low	28.6097154000585	15	CheckV-021265	26.4	7.63	39.35614689265536	93.51233898305085	2	1.02
contig_40716	39148	NA	44371.92479038932	88.2269592426588	low	33.4305729197674	356	CheckV-046535	30.2	5.79	70.4444925948158	96.67596063352806	16	1.0
contig_40723	38183	NA	90916.70802903925	41.997781076503735	low	33.4305729197674	43	CheckV-001342	31.5	2.71	19.983425605536333	46.06423875432526	2	1.02
contig_40728	17069	NA	58113.40570400633	29.371880366019	low	26.8672114679771	105	CheckV-001730	39.4	6.15	21.69	33.19	1	1.14
contig_4175	34958	NA	43805.62353406166	79.80253944523339	low	25.0168993387215	156	CheckV-005162	42.7	3.9	48.49574164248002	95.8830218409031	8	1.0
contig_4349	21433	NA	6146.37599686013	100.0	medium	8.49620178479239	155	CheckV-005331	34.1	31.76	40.33534638554217	100.0	2	1.08
contig_4524	10582	NA	NA	NA	NA	NA	0	NA	NA	NA	NA	NA	0	1.04
contig_4584	10058	NA	79781.58666940186	12.606918989563644	low	20.3878139483986	189	CheckV-014386	47.8	12.16	NA	NA	0	1.01
contig_5227	21353	NA	NA	NA	NA	NA	0	NA	NA	NA	NA	NA	0	1.0
contig_5228	97191	NA	41951.57338951314	100.0	low	34.9257320695997	271	CheckV-032588	35.7	2.26	90.68567955830117	100.0	14	1.16
contig_5427	24016	NA	226462.43830277195	10.604849166152443	medium	8.49620178479239	251	CheckV-000929	34.7	31.23	NA	NA	0	1.1
contig_5435	82243	NA	226411.23361460428	36.324611057061546	medium	7.55870278412634	251	CheckV-000929	34.6	22.03	NA	NA	0	1.51
contig_5494	32518	NA	130839.6467904417	24.853322977921366	low	26.8672114679771	136	CheckV-000273	39.8	6.48	20.27264938687227	56.528776383909985	4	1.0
contig_5706	85085	NA	NA	NA	NA	NA	0	NA	NA	NA	NA	NA	0	1.1
contig_5863	87425	NA	64236.201889817385	100.0	low	33.4305729197674	456	CheckV-002820	31.6	2.41	73.25525423728813	100.0	2	1.03
contig_5937	15628	NA	47308.02285939599	33.03456592647704	low	19.919469608367	22	CheckV-004140	34.8	10.84	36.33750038895042	46.63767016098267	4	1.0
contig_6205	3530	NA	NA	NA	NA	NA	0	NA	NA	NA	6.81	7.05	1	1.0
contig_6371	15265	NA	163530.6854222392	9.334639526878696	low	25.0168993387215	7	CheckV-014722	46.3	5.38	NA	NA	0	1.02
contig_6424	9280	NA	NA	NA	NA	NA	0	NA	NA	NA	NA	NA	0	1.0
contig_6615	22687	NA	55343.6884658793	40.992930953611946	low	12.0387100725814	7	CheckV-038134	35.6	20.01	13.438069314379476	44.04870108979917	4	1.0
contig_6715	21573	NA	68795.2526732636	31.358268429449453	low	24.0809313623841	16	CheckV-016106	29.4	7.81	29.222237288135595	59.57227118644069	2	1.01
contig_6772	12909	NA	8537.387123380719	100.0	low	16.4293487069065	2	CheckV-018452	24.4	31.59	100.0	100.0	1	1.0
contig_6913	27526	NA	7070.999999999999	100.0	low	31.6107195198548	1	CheckV-008607	25.3	4.95	100.0	100.0	1	1.01
contig_7062	3349	NA	NA	NA	NA	NA	0	NA	NA	NA	NA	NA	0	1.0
contig_7339	35422	NA	105140.60203820404	33.69012475991816	low	35.9439843853632	32	CheckV-011542	40.4	4.88	NA	NA	0	1.04
contig_7398	13883	NA	6553.927138190787	100.0	low	25.5595308871383	4	CheckV-004266	29.2	16.74	100.0	100.0	1	1.0
contig_7405	5228	NA	NA	NA	NA	NA	0	NA	NA	NA	NA	NA	0	1.0
contig_7569	14750	NA	NA	NA	NA	NA	0	NA	NA	NA	NA	NA	0	2.39
contig_7601	8208	NA	7103.031521253322	100.0	low	17.7188662440404	4	CheckV-007173	28.1	25.51	76.52	100.0	1	1.0
contig_7602	12880	NA	11264.890533209207	100.0	low	23.7881428775411	6	CheckV-007128	49.5	5.3	100.0	100.0	1	1.0
contig_7987	10389	NA	125449.61526869274	8.281412404293505	low	29.1891156069426	34	CheckV-008970	31.4	12.24	NA	NA	0	1.0
contig_8257	29444	NA	40515.44004407328	72.67352882745539	low	27.4427620025844	79	CheckV-002820	33.2	6.57	21.93227193286208	72.07911349710189	4	1.02
contig_8272	7665	NA	78146.14765892786	9.808544924638145	low	15.7472323702244	54	CheckV-024326	39.3	20.72	NA	NA	0	1.0
contig_8538	40013	NA	101847.95856500945	39.28699265431004	low	34.9257320695997	64	CheckV-015771	35.4	5.72	36.392446063769945	97.7261624096628	4	1.02
contig_8654	31369	NA	83552.23771407297	37.54417698224786	low	20.0851099688211	2	CheckV-047982	21.6	4.53	NA	NA	0	1.03
contig_8766	8520	NA	81808.89642450973	10.414515257349725	low	18.6356392398109	4	CheckV-048054	39.9	15.14	NA	NA	0	1.0
contig_8796	7462	NA	NA	NA	NA	NA	0	NA	NA	NA	NA	NA	0	1.05
contig_8863	280181	NA	949987.2971586339	29.493131206912746	low	34.0128276133136	22	CheckV-040114	52.2	2.02	99.99999999999999	99.99999999999999	2	1.26
contig_8972	23737	NA	61629.4877826582	38.515653551609276	low	27.4427620025844	4	CheckV-056603	34.9	2.93	NA	NA	0	1.0
contig_914	25268	NA	NA	NA	NA	NA	0	NA	NA	NA	NA	NA	0	1.38
contig_9205	108794	NA	95232.27871865321	100.0	low	34.5701557787554	52	CheckV-001361	44.8	1.84	100.0	100.0	1	1.16
contig_9228	14457	NA	51632.50079111173	27.999805894524286	low	26.7589582006503	51	CheckV-016641	35.4	7.08	NA	NA	0	1.0
contig_9677	25417	NA	40976.0	62.02899258102304	low	26.8672114679771	1	CheckV-018191	40.4	3.47	NA	NA	0	1.01
contig_9740	1772	NA	37418.0	4.7356887059703885	high	4.93937043075139	1	CheckV-057201	50.3	49.51	NA	NA	0	1.0
contig_10173|provirus_3_63280	63278	NA	88893.99851505845	71.18365812882277	low	33.4305729197674	5	CheckV-015771	28.0	4.73	NA	NA	0	1.03
contig_10254|provirus_4700_66179	61480	NA	52584.85052216184	100.0	low	32.8837114381832	231	CheckV-060034	23.2	3.6	32.66	100.0	1	1.01
contig_10572|provirus_1_25292	25292	NA	223892.46460705032	11.29649452222054	low	24.0809313623841	245	CheckV-025371	32.3	11.94	10.28	52.09	1	1.0
contig_11741|provirus_15153_41394	26242	NA	54857.451697046585	47.83670985105715	low	26.8672114679771	328	CheckV-000288	41.4	4.6	NA	NA	0	1.01
contig_13080|provirus_36256_45374	9119	NA	48370.97353545272	18.85221514782285	low	16.1277892551785	89	CheckV-021691	44.6	15.95	14.695904234569822	25.457353490992027	5	1.0
contig_16058|provirus_2_11198	11197	NA	49769.51127508076	22.49770936691166	low	11.1417515456122	10	CheckV-012241	58.6	13.44	10.579414758269719	38.07418575063613	2	1.0
contig_17464|provirus_20105_45164	25060	NA	82297.89577930844	30.450353271730496	low	27.441312952095	881	CheckV-000450	23.4	7.6	24.728911906129976	75.69000241933044	3	1.0
contig_17745|provirus_12044_76946	64903	NA	93785.0199133099	69.20401580123674	low	33.4305729197674	750	CheckV-044537	27.9	2.14	NA	NA	0	1.01
contig_18004|provirus_3_38387	38385	NA	37950.0	100.0	low	35.9439843853632	1	CheckV-052005	37.9	3.51	NA	NA	0	1.06
contig_18916|provirus_11465_49370	37906	NA	350004.2218760979	10.830155075506143	low	11.5877136788159	3	CheckV-001225	27.2	17.01	NA	NA	0	1.11
contig_19060|provirus_1_11014	11014	NA	33550.5243914368	32.82810090089423	high	4.73066107956112	5	CheckV-012241	59.8	28.9	10.72	36.7	1	1.05
contig_19645|provirus_194_31097	30904	NA	48605.69232062722	63.58103037838019	low	31.6107195198548	60	CheckV-038464	23.4	6.89	45.38028763554533	80.44428867643884	4	1.01
contig_19880|provirus_47889_92004	44116	NA	56996.99999999999	77.4005649420145	low	34.9257320695997	1	CheckV-005665	34.5	5.19	NA	NA	0	1.07
contig_19981|provirus_3_15480	15478	NA	41973.30389847742	36.87582001511552	low	17.1488075584792	10	CheckV-012241	63.6	10.75	14.626399491094148	52.63494910941476	2	1.0
contig_20302|provirus_7586_53371	45786	35429	48568.89947262034	72.94585709106366	low	33.4305729197674	105	CheckV-002820	31.8	3.5	34.75539364370197	94.37704577195517	5	1.0
contig_20476|provirus_2_26434	26433	NA	43618.87502409738	60.59991227512632	low	26.8672114679771	9	CheckV-022739	40.2	3.22	NA	NA	0	1.02
contig_21260|provirus_92949_135650	42702	NA	131968.742083688	32.35766237198845	low	27.972664243474	111	CheckV-041977	70.6	9.89	20.14755002997608	39.05573271924142	8	1.0
contig_21543|provirus_1_8872	8872	NA	38848.915945263616	22.837188076239375	low	11.9600418915653	234	CheckV-057468	40.0	27.5	15.21	27.189999999999998	1	1.0
contig_21794|provirus_4961_14101	9141	7561	42939.58670854531	17.608460117049294	low	11.1417515456122	13	CheckV-012241	59.4	16.95	7.143791348600509	25.708155216284986	2	1.0
contig_21816|provirus_31095_199476	168382	NA	82443.68942716358	100.0	low	32.8837114381832	2481	CheckV-054410	24.3	1.12	87.73675	99.99999999999999	2	1.16
contig_21889|provirus_2_29260	29259	NA	57730.08330883794	50.682414302909415	low	27.441312952095	2	CheckV-019275	26.4	9.46	26.03	80.8	1	1.19
contig_22161|provirus_3_13057	13055	NA	44391.831279863225	29.408563746100594	low	17.48999801379	532	CheckV-012241	53.9	12.48	13.798726899666802	49.22391485906904	4	1.0
contig_22308|provirus_61988_75337	13350	NA	79637.45673161313	16.763468533394967	low	29.1891156069426	2	CheckV-008395	28.6	8.96	NA	NA	0	1.01
contig_23912|provirus_16517_82914	66398	NA	27661.000000000004	100.0	low	34.9257320695997	1	CheckV-019952	36.0	7.25	74.60011157601116	100.00000000000001	2	1.01
contig_23941|provirus_46968_85585	38618	NA	63447.28585670694	60.866275804479876	low	34.5701557787554	936	CheckV-028519	43.9	3.17	NA	NA	0	1.01
contig_26011|provirus_52086_106175	54090	45498	73288.34020856628	62.08081649894151	low	33.4305729197674	119	CheckV-016041	29.6	5.37	39.100884107371954	100.0	6	1.01
contig_26513|provirus_84_9871	9788	7110	45813.17880790545	15.519551764378134	low	11.1417515456122	8	CheckV-012241	61.9	17.23	6.515000658524238	27.92346566232464	3	1.01
contig_26993|provirus_762_7651	6890	NA	41187.3180669968	16.728450220508346	low	11.8740654837217	10	CheckV-012241	60.1	21.74	5.993704752452501	23.150108283074413	3	1.0
contig_27748|provirus_16054_79294	63241	NA	76494.39056237931	82.67403601108307	low	33.4305729197674	55	CheckV-000612	31.7	4.6	82.28653746770027	100.00000000000001	2	1.18
contig_28750|provirus_198_38207	38010	NA	NA	NA	NA	NA	0	NA	NA	NA	NA	NA	0	1.11
contig_30631|provirus_232238_253305	21068	NA	84816.30983651981	24.839562155684163	low	24.0809313623841	4	CheckV-061602	30.8	8.34	36.07	48.68	1	1.18
contig_34418|provirus_174399_188691	14293	NA	47896.06512507403	29.841699861305482	low	26.9204150716114	651	CheckV-061935	40.6	11.76	21.38	46.88	1	1.01
contig_35098|provirus_41730_57182	15453	NA	45303.42765253654	34.11000182705775	low	16.7308326916731	118	CheckV-036082	27.9	12.89	17.07962698683986	62.180519142027	3	1.0
contig_3594|provirus_69175_149574	80400	NA	133294.0876214505	60.31775409899091	low	33.4305729197674	683	CheckV-059122	30.9	5.03	34.608195525933745	100.0	3	1.0
contig_37503|provirus_436_24703	24268	NA	183982.95231295374	13.190352527184311	low	10.232210936042	5	CheckV-001225	24.3	25.99	NA	NA	0	1.22
contig_380|provirus_15053_57982	42930	NA	502027.00000000006	8.55133289643784	low	11.4271404278529	2	CheckV-001225	26.9	21.29	NA	NA	0	1.18
contig_38240|provirus_3_37053	37051	NA	67698.02632575094	54.72980825425713	low	33.4305729197674	174	CheckV-015415	31.9	4.47	37.58019209039548	91.5495593220339	2	1.01
contig_39237|provirus_56105_101557	45453	NA	75913.51099514414	59.87471716715544	low	34.9257320695997	71	CheckV-000612	33.3	5.84	68.0	100.0	1	1.04
contig_3924|provirus_405954_438098	32145	25139	36932.61734497143	68.06720402506974	low	27.441312952095	4	CheckV-046459	27.2	7.87	52.584682152372615	72.24951427620096	5	1.02
contig_39870|provirus_640_56336	55697	NA	99007.760744335	56.255186039228604	low	34.9257320695997	29	CheckV-004142	36.9	2.94	NA	NA	0	1.01
contig_40172|provirus_29898_62650	32753	NA	129237.6873197132	25.3432266386618	low	26.8672114679771	84	CheckV-009183	39.8	3.28	16.873274179236912	81.187586512866	2	1.01
contig_4280|provirus_64255_102507	38253	NA	92030.15001144791	41.56572600961923	low	35.9439843853632	80	CheckV-004809	38.9	4.42	NA	NA	0	1.01
contig_4796|provirus_802858_852294	49437	NA	37369.207288552614	100.0	low	22.9413956459254	18	CheckV-060345	44.0	7.91	96.13353301372666	100.0	22	1.06
contig_4880|provirus_18164_58237	40074	NA	48860.10918534744	82.01782736092966	low	32.0045732680983	46	CheckV-000549	53.8	2.22	NA	NA	0	1.0
contig_5073|provirus_4709_23596	18888	NA	41172.66133245493	45.875101071281165	low	18.5642512859947	378	CheckV-057438	39.8	12.12	32.39	57.89	1	1.01
contig_5074|provirus_509_9803	9295	NA	38791.33937756613	23.961534066997178	low	10.1448366309843	101	CheckV-057468	39.4	32.8	NA	NA	0	1.0
contig_5075|provirus_46570_53898	7329	NA	38777.71490177848	18.900030645343328	low	13.9757982883961	224	CheckV-057438	39.8	30.03	12.570000000000002	22.46	1	1.0
contig_5957|provirus_86364_132033	45670	NA	58025.5238952469	78.70674305749958	low	34.9257320695997	148	CheckV-002820	33.2	3.66	40.22391383577326	98.8395718958121	7	1.0
contig_72|provirus_1_323277	323277	NA	51453.00438832743	100.0	low	34.0128276133136	63	CheckV-040093	48.5	0.58	NA	NA	0	1.21
contig_7490|provirus_32_22331	22300	NA	166904.9437730574	13.360898422710337	low	24.0809313623841	118	CheckV-032621	30.9	11.4	NA	NA	0	1.0
contig_8251|provirus_36494_93312	56819	NA	61353.15243918567	92.60974822169081	low	33.4305729197674	55	CheckV-059226	32.0	4.98	56.49795462949295	100.0	4	1.01
contig_8428|provirus_1799960_1821727	21768	NA	50118.421264316756	43.43313187220913	low	14.1695212703127	236	CheckV-008342	56.3	7.74	28.39672269473822	76.89411926865667	6	1.02
contig_8455|provirus_21383_34043	12661	NA	45589.9866382409	27.77144924490929	low	10.2824914415191	363	CheckV-029120	49.1	18.31	22.20679708370995	36.113062480113115	4	1.01
contig_88|provirus_472793_499038	26246	NA	132838.72000365396	19.75779351026422	low	23.4841469330158	62	CheckV-027300	52.1	4.45	NA	NA	0	1.07
contig_9291|provirus_312_10440	10129	NA	52350.22472172067	19.348532033707524	medium	7.72496529642426	12	CheckV-012241	58.9	20.54	9.572964376590331	34.44335877862596	2	1.01
contig_9742|provirus_16098_35198	19101	NA	41199.76606834764	46.36191372619137	low	18.5642512859947	379	CheckV-057438	39.8	11.81	32.76	58.55	1	1.0
